Workbook

Sheet README
B2: Co-Site Canceller - Advisor Test Programme
B3: Ronny Pustilnik / Adir Lemaer - Afeka - 30-88 MHz VHF
B6: THE THREE REQUESTED TESTS
B7: 1. Cancellation across the whole 30-88 MHz band, in 5 MHz steps | C7: -> sheet T1_BandSweep
B8: 2. How close in frequency the interferer may be before the wanted | C8: -> sheet T2_Separation
B9: signal is degraded by more than 0.5 dB
B10: 3. Convergence time of the algorithm | C10: -> sheet T3_Convergence
B12: HOW TO USE
B13: Type only in YELLOW cells. Grey cells are formulas.
B14: Grey italic rows are examples - delete them before submitting.
B16: BASELINE DEFINITION - important
B17: The uncancelled reference is the 'z' state (I = Q = 0, true zero weight
B18: after the VREF calibration). This was verified against a physically
B19: disconnected replica: z reads within ~1 dB of the disconnected case,
B20: so z is a valid baseline and is far quicker to use at every point.
B22: MEASURING FROM THE ANALYSER
B23: Set the marker to the tone frequency MANUALLY every time.
B24: Do NOT use Peak Search - once the interferer drops below the wanted
B25: tone it will jump to the wrong peak and the numbers become nonsense.
... B29: MEASURED SYSTEM CONSTANTS
B30: Combiner isolation ceiling (dB) | C30: 21.09 | D30: measured: REF -36.24, NULL -57.33 dBm
B31: dB per ADC count | C31: 0.032227 | D31: AD8307 25 mV/dB, ADC LSB 3.3/4096 V
B32: Control loop tick (ms) | C32: 0.0333 | D32: TIM2 at 30 kHz (ARR = 32)
B33: Hop-time target (ms) | C33: 10 | D33: tactical VHF frequency-hop interval

Sheet T1_BandSweep
B2: TEST 1 - Cancellation across 30-88 MHz, with the wanted signal alongside
B3: Both tones move together across the band, holding a fixed frequency offset.
B4: Per row: z -> read BOTH markers -> k -> wait 2 s -> read BOTH markers again.
B5: Set both analyser markers MANUALLY by frequency. Never use Peak Search.
B7: Wanted offset from interferer (MHz) | F7: -2 | G7: negative = wanted BELOW interferer. Change to suit.
B9: Interf (MHz) | C9: Wanted (MHz) | D9: Interf before (dBm) | E9: Interf after (dBm) | F9: Interf depth (dB) | G9: Wanted before (dBm) | H9: Wanted after (dBm) | I9: Wanted loss (dB) | J9: <=0.5 dB? | K9: Best I | L9: Best Q | M9: Notes | T9: limit 0.5 | U9: zero
B10: 30 | C10: =IF(ISNUMBER(B10),B10+$F$7,"") -> 28 | F10: =IF(AND(ISNUMBER(D10),ISNUMBER(E10)),D10-E10,"") | I10: =IF(AND(ISNUMBER(G10),ISNUMBER(H10)),G10-H10,"") | J10: =IF(ISNUMBER(I10),IF(I10<=0.5,"PASS","FAIL"),"") | T10: 0.5 | U10: 0
B11: 35 | C11: =IF(ISNUMBER(B11),B11+$F$7,"") -> 33 | D11: -20.36 | E11: -47.17 | F11: =IF(AND(ISNUMBER(D11),ISNUMBER(E11)),D11-E11,"") -> 26.81 | G11: -55 | H11: -56 | I11: =IF(AND(ISNUMBER(G11),ISNUMBER(H11)),G11-H11,"") -> 1 | J11: =IF(ISNUMBER(I11),IF(I11<=0.5,"PASS","FAIL"),"") -> FAIL | T11: 0.5 | U11: 0
B12: 40 | C12: =IF(ISNUMBER(B12),B12+$F$7,"") -> 38 | D12: -20.11 | E12: -47 | F12: =IF(AND(ISNUMBER(D12),ISNUMBER(E12)),D12-E12,"") -> 26.89 | G12: -55.8 | H12: -56.3 | I12: =IF(AND(ISNUMBER(G12),ISNUMBER(H12)),G12-H12,"") -> 0.5 | J12: =IF(ISNUMBER(I12),IF(I12<=0.5,"PASS","FAIL"),"") -> PASS | T12: 0.5 | U12: 0
B13: 45 | C13: =IF(ISNUMBER(B13),B13+$F$7,"") -> 43 | D13: -20.11 | E13: -46.7 | F13: =IF(AND(ISNUMBER(D13),ISNUMBER(E13)),D13-E13,"") -> 26.59 | G13: -57 | H13: -56.5 | I13: =IF(AND(ISNUMBER(G13),ISNUMBER(H13)),G13-H13,"") -> -0.5 | J13: =IF(ISNUMBER(I13),IF(I13<=0.5,"PASS","FAIL"),"") -> PASS | T13: 0.5 | U13: 0
B14: 50 | C14: =IF(ISNUMBER(B14),B14+$F$7,"") -> 48 | D14: -20.15 | E14: -48.7 | F14: =IF(AND(ISNUMBER(D14),ISNUMBER(E14)),D14-E14,"") -> 28.55 | G14: -58.5 | H14: -56.5 | I14: =IF(AND(ISNUMBER(G14),ISNUMBER(H14)),G14-H14,"") -> -2 | J14: =IF(ISNUMBER(I14),IF(I14<=0.5,"PASS","FAIL"),"") -> PASS | T14: 0.5 | U14: 0
B15: 55 | C15: =IF(ISNUMBER(B15),B15+$F$7,"") -> 53 | D15: -20.37 | E15: -44.7 | F15: =IF(AND(ISNUMBER(D15),ISNUMBER(E15)),D15-E15,"") -> 24.33 | G15: -59.5 | H15: -56.9 | I15: =IF(AND(ISNUMBER(G15),ISNUMBER(H15)),G15-H15,"") -> -2.6 | J15: =IF(ISNUMBER(I15),IF(I15<=0.5,"PASS","FAIL"),"") -> PASS | T15: 0.5 | U15: 0
B16: 57 | C16: =IF(ISNUMBER(B16),B16+$F$7,"") -> 55 | D16: -20.4 | E16: -44.21 | F16: =IF(AND(ISNUMBER(D16),ISNUMBER(E16)),D16-E16,"") -> 23.81 | G16: -59.5 | H16: -57 | I16: =IF(AND(ISNUMBER(G16),ISNUMBER(H16)),G16-H16,"") -> -2.5 | J16: =IF(ISNUMBER(I16),IF(I16<=0.5,"PASS","FAIL"),"") -> PASS | T16: 0.5 | U16: 0
B17: 60 | C17: =IF(ISNUMBER(B17),B17+$F$7,"") -> 58 | D17: -20.65 | E17: -43.68 | F17: =IF(AND(ISNUMBER(D17),ISNUMBER(E17)),D17-E17,"") -> 23.03 | G17: -59.1 | H17: -57 | I17: =IF(AND(ISNUMBER(G17),ISNUMBER(H17)),G17-H17,"") -> -2.1 | J17: =IF(ISNUMBER(I17),IF(I17<=0.5,"PASS","FAIL"),"") -> PASS | T17: 0.5 | U17: 0
B18: 65 | C18: =IF(ISNUMBER(B18),B18+$F$7,"") -> 63 | D18: -20.94 | E18: -42.57 | F18: =IF(AND(ISNUMBER(D18),ISNUMBER(E18)),D18-E18,"") -> 21.63 | G18: -58.5 | H18: -57.5 | I18: =IF(AND(ISNUMBER(G18),ISNUMBER(H18)),G18-H18,"") -> -1 | J18: =IF(ISNUMBER(I18),IF(I18<=0.5,"PASS","FAIL"),"") -> PASS | T18: 0.5 | U18: 0
B19: 70 | C19: =IF(ISNUMBER(B19),B19+$F$7,"") -> 68 | D19: -21.16 | E19: -41.16 | F19: =IF(AND(ISNUMBER(D19),ISNUMBER(E19)),D19-E19,"") -> 20 | G19: -57.6 | H19: -57.39 | I19: =IF(AND(ISNUMBER(G19),ISNUMBER(H19)),G19-H19,"") -> -0.21 | J19: =IF(ISNUMBER(I19),IF(I19<=0.5,"PASS","FAIL"),"") -> PASS | T19: 0.5 | U19: 0
B20: 75 | C20: =IF(ISNUMBER(B20),B20+$F$7,"") -> 73 | D20: -21.33 | E20: -40.26 | F20: =IF(AND(ISNUMBER(D20),ISNUMBER(E20)),D20-E20,"") -> 18.93 | G20: -57 | H20: -57.6 | I20: =IF(AND(ISNUMBER(G20),ISNUMBER(H20)),G20-H20,"") -> 0.6 | J20: =IF(ISNUMBER(I20),IF(I20<=0.5,"PASS","FAIL"),"") -> FAIL | T20: 0.5 | U20: 0
B21: 80 | C21: =IF(ISNUMBER(B21),B21+$F$7,"") -> 78 | D21: -21.42 | E21: -38.57 | F21: =IF(AND(ISNUMBER(D21),ISNUMBER(E21)),D21-E21,"") -> 17.15 | G21: -56.5 | H21: -57.6 | I21: =IF(AND(ISNUMBER(G21),ISNUMBER(H21)),G21-H21,"") -> 1.1 | J21: =IF(ISNUMBER(I21),IF(I21<=0.5,"PASS","FAIL"),"") -> FAIL | T21: 0.5 | U21: 0
B22: 85 | C22: =IF(ISNUMBER(B22),B22+$F$7,"") -> 83 | D22: -21.36 | E22: -37.18 | F22: =IF(AND(ISNUMBER(D22),ISNUMBER(E22)),D22-E22,"") -> 15.82 | G22: -56.1 | H22: -57.6 | I22: =IF(AND(ISNUMBER(G22),ISNUMBER(H22)),G22-H22,"") -> 1.5 | J22: =IF(ISNUMBER(I22),IF(I22<=0.5,"PASS","FAIL"),"") -> FAIL | T22: 0.5 | U22: 0
B23: 88 | C23: =IF(ISNUMBER(B23),B23+$F$7,"") -> 86 | D23: -21.27 | E23: -34.85 | F23: =IF(AND(ISNUMBER(D23),ISNUMBER(E23)),D23-E23,"") -> 13.58 | G23: -56.11 | H23: =-57.8 -> -57.8 | I23: =IF(AND(ISNUMBER(G23),ISNUMBER(H23)),G23-H23,"") -> 1.69 | J23: =IF(ISNUMBER(I23),IF(I23<=0.5,"PASS","FAIL"),"") -> FAIL | T23: 0.5 | U23: 0
B25: Minimum interferer depth across band | F25: =IF(COUNT(F10:F23)>0,MIN(F10:F23),"") -> 13.58 | G25: dB <- quote THIS as the guaranteed figure
B26: Mean interferer depth | F26: =IF(COUNT(F10:F23)>0,AVERAGE(F10:F23),"") -> 22.086154 | G26: dB
B27: Best interferer depth | F27: =IF(COUNT(F10:F23)>0,MAX(F10:F23),"") -> 28.55 | G27: dB
B28: Worst wanted-signal loss | F28: =IF(COUNT(I10:I23)>0,MAX(I10:I23),"") -> 1.69 | G28: dB <- must stay <= 0.5
B29: Mean wanted-signal loss | F29: =IF(COUNT(I10:I23)>0,AVERAGE(I10:I23),"") -> -0.34769231 | G29: dB
B30: Combiner ceiling (measured) | F30: =README!$C$30 -> 21.09 | G30: dB - no result can exceed this

Sheet T2_Separation
B2: TEST 2 - How close may the interferer sit before the wanted signal is hurt?
B3: Wanted generator FIXED (suggest 57 MHz). Move the INTERFERER closer each row.
B4: Per row: z -> read BOTH markers (wanted + interferer) -> k -> wait 2 s -> read BOTH again.
B5: PASS = wanted degradation <= 0.5 dB. Report the SMALLEST separation that still passes.
B7: Wanted (MHz) | C7: Interf (MHz) | D7: df (MHz) | E7: Wanted before (dBm) | F7: Wanted after (dBm) | G7: Wanted loss (dB) | H7: Interf before (dBm) | I7: Interf after (dBm) | J7: Interf depth (dB) | K7: PASS? | T7: limit 0.5 | U7: zero
B8: 57 | C8: 77 | D8: =IF(AND(ISNUMBER(B8),ISNUMBER(C8)),ABS(C8-B8),"") -> 20 | E8: -57.3 | F8: -57.11 | G8: =IF(AND(ISNUMBER(E8),ISNUMBER(F8)),E8-F8,"") -> -0.19 | H8: -34.4 | I8: -55.8 | J8: =IF(AND(ISNUMBER(H8),ISNUMBER(I8)),H8-I8,"") -> 21.4 | K8: =IF(ISNUMBER(G8),IF(G8<=0.5,"PASS","FAIL"),"") -> PASS | T8: 0.5 | U8: 0
B9: 57 | C9: 67 | D9: =IF(AND(ISNUMBER(B9),ISNUMBER(C9)),ABS(C9-B9),"") -> 10 | E9: -57.58 | F9: -57.1 | G9: =IF(AND(ISNUMBER(E9),ISNUMBER(F9)),E9-F9,"") -> -0.48 | H9: -34.03 | I9: -54.53 | J9: =IF(AND(ISNUMBER(H9),ISNUMBER(I9)),H9-I9,"") -> 20.5 | K9: =IF(ISNUMBER(G9),IF(G9<=0.5,"PASS","FAIL"),"") -> PASS | T9: 0.5 | U9: 0
B10: 57 | C10: 62 | D10: =IF(AND(ISNUMBER(B10),ISNUMBER(C10)),ABS(C10-B10),"") -> 5 | E10: -57.34 | F10: -57.06 | G10: =IF(AND(ISNUMBER(E10),ISNUMBER(F10)),E10-F10,"") -> -0.28 | H10: -33.76 | I10: -56.63 | J10: =IF(AND(ISNUMBER(H10),ISNUMBER(I10)),H10-I10,"") -> 22.87 | K10: =IF(ISNUMBER(G10),IF(G10<=0.5,"PASS","FAIL"),"") -> PASS | T10: 0.5 | U10: 0
B11: 57 | C11: 59 | D11: =IF(AND(ISNUMBER(B11),ISNUMBER(C11)),ABS(C11-B11),"") -> 2 | E11: -57.4 | F11: -57 | G11: =IF(AND(ISNUMBER(E11),ISNUMBER(F11)),E11-F11,"") -> -0.4 | H11: -33.63 | I11: -55.77 | J11: =IF(AND(ISNUMBER(H11),ISNUMBER(I11)),H11-I11,"") -> 22.14 | K11: =IF(ISNUMBER(G11),IF(G11<=0.5,"PASS","FAIL"),"") -> PASS | T11: 0.5 | U11: 0
B12: 57 | C12: 58 | D12: =IF(AND(ISNUMBER(B12),ISNUMBER(C12)),ABS(C12-B12),"") -> 1 | E12: -57.5 | F12: -57 | G12: =IF(AND(ISNUMBER(E12),ISNUMBER(F12)),E12-F12,"") -> -0.5 | H12: -33.53 | I12: -53.63 | J12: =IF(AND(ISNUMBER(H12),ISNUMBER(I12)),H12-I12,"") -> 20.1 | K12: =IF(ISNUMBER(G12),IF(G12<=0.5,"PASS","FAIL"),"") -> PASS | T12: 0.5 | U12: 0
B13: 57 | C13: 57.5 | D13: =IF(AND(ISNUMBER(B13),ISNUMBER(C13)),ABS(C13-B13),"") -> 0.5 | E13: -57.4 | F13: -57.1 | G13: =IF(AND(ISNUMBER(E13),ISNUMBER(F13)),E13-F13,"") -> -0.3 | H13: -33.5 | I13: -53.86 | J13: =IF(AND(ISNUMBER(H13),ISNUMBER(I13)),H13-I13,"") -> 20.36 | K13: =IF(ISNUMBER(G13),IF(G13<=0.5,"PASS","FAIL"),"") -> PASS | T13: 0.5 | U13: 0
B14: 57 | C14: 57.2 | D14: =IF(AND(ISNUMBER(B14),ISNUMBER(C14)),ABS(C14-B14),"") -> 0.2 | E14: -57.43 | F14: -57.04 | G14: =IF(AND(ISNUMBER(E14),ISNUMBER(F14)),E14-F14,"") -> -0.39 | H14: -33.47 | I14: -56.87 | J14: =IF(AND(ISNUMBER(H14),ISNUMBER(I14)),H14-I14,"") -> 23.4 | K14: =IF(ISNUMBER(G14),IF(G14<=0.5,"PASS","FAIL"),"") -> PASS | T14: 0.5 | U14: 0
B15: 57 | C15: 57.1 | D15: =IF(AND(ISNUMBER(B15),ISNUMBER(C15)),ABS(C15-B15),"") -> 0.1 | E15: -57.4 | F15: -57 | G15: =IF(AND(ISNUMBER(E15),ISNUMBER(F15)),E15-F15,"") -> -0.4 | H15: -33.43 | I15: -64.3 | J15: =IF(AND(ISNUMBER(H15),ISNUMBER(I15)),H15-I15,"") -> 30.87 | K15: =IF(ISNUMBER(G15),IF(G15<=0.5,"PASS","FAIL"),"") -> PASS | T15: 0.5 | U15: 0
B16: 57 | C16: 57.05 | D16: =IF(AND(ISNUMBER(B16),ISNUMBER(C16)),ABS(C16-B16),"") -> 0.05 | E16: -57.53 | F16: -57.12 | G16: =IF(AND(ISNUMBER(E16),ISNUMBER(F16)),E16-F16,"") -> -0.41 | H16: -33.48 | I16: -59.08 | J16: =IF(AND(ISNUMBER(H16),ISNUMBER(I16)),H16-I16,"") -> 25.6 | K16: =IF(ISNUMBER(G16),IF(G16<=0.5,"PASS","FAIL"),"") -> PASS | T16: 0.5 | U16: 0
B18: Closest separation that still PASSES (MHz) | E18: =IFERROR(MIN(IF(G8:G16<=0.5,D8:D16)),"") | F18: <- enter with Ctrl+Shift+Enter if it shows blank
B19: Wanted-signal loss limit used (dB) | E19: 0.5 | F19: as specified by the advisor
B21: WHY THE WANTED SIGNAL CAN BE HURT AT ALL
B22: The replica is built only from the reference tap, which contains only the interferer,
B23: so in principle it cannot cancel the wanted tone. Two real mechanisms remain:
B24: (a) the AD8307 is WIDEBAND - as df shrinks it cannot separate the two tones, the
B25: loop mis-converges, and the injected replica no longer matches the interferer;
B26: (b) broadband noise on the replica falls on the wanted frequency, raising its floor.
B27: Both worsen as df shrinks, which is exactly what this test quantifies.

Sheet T3_Convergence
B2: TEST 3 - Convergence time of the adaptive algorithm
B3: Per run: z -> a -> wait 2 s -> g . Copy the timing block from the console into a row.
B4: The MCU logs the detector on EVERY 33 us tick, so the analyser sweep time is irrelevant here.
B5: Repeat each frequency 3 times - convergence varies with the starting point and with noise.
B7: Freq (MHz) | C7: Run | D7: t(-3dB) | E7: t(-6dB) | F7: t(-10dB) | G7: t(-15dB) | H7: t(-20dB) | I7: Locked (ms) | J7: Max depth (dB) | K7: <=10 ms? | L7: Notes
B8: 40 | C8: 1 | D8: 0.8 | E8: 0.8 | F8: 1.5 | G8: 3.7 | H8: 4.8 | I8: 11.4 | J8: 21.9 | K8: =IF(ISNUMBER(G8),IF(G8<=README!$C$33,"PASS","SLOW"),"") -> PASS
B9: 40 | C9: 2 | D9: 0.8 | E9: 0.8 | F9: 1.5 | G9: 3 | H9: 5 | I9: 8.3 | J9: 20.6 | K9: =IF(ISNUMBER(G9),IF(G9<=README!$C$33,"PASS","SLOW"),"") -> PASS
B10: 40 | C10: 3 | D10: 0.8 | E10: 0.8 | F10: 1.5 | G10: 3 | H10: 5.1 | I10: 13 | J10: 22 | K10: =IF(ISNUMBER(G10),IF(G10<=README!$C$33,"PASS","SLOW"),"") -> PASS
B11: 50 | C11: 1 | D11: 0.7 | E11: 0.8 | F11: 0.9 | G11: 2.3 | H11: 3.7 | I11: 9.7 | J11: 23.1 | K11: =IF(ISNUMBER(G11),IF(G11<=README!$C$33,"PASS","SLOW"),"") -> PASS
B12: 50 | C12: 2 | D12: 0.7 | E12: 0.8 | F12: 0.9 | G12: 1.5 | H12: 3.6 | I12: 10.4 | J12: 23.4 | K12: =IF(ISNUMBER(G12),IF(G12<=README!$C$33,"PASS","SLOW"),"") -> PASS
B13: 50 | C13: 3 | D13: 0.7 | E13: 0.8 | F13: 0.9 | G13: 2.3 | H13: 3.6 | I13: 9.6 | J13: 23.3 | K13: =IF(ISNUMBER(G13),IF(G13<=README!$C$33,"PASS","SLOW"),"") -> PASS
B14: 57 | C14: 1 | D14: 0.8 | E14: 1.3 | F14: 1.6 | G14: 2.2 | H14: 3.6 | I14: 10.3 | J14: 23.5 | K14: =IF(ISNUMBER(G14),IF(G14<=README!$C$33,"PASS","SLOW"),"") -> PASS
B15: 57 | C15: 2 | D15: 0.8 | E15: 1.3 | F15: 1.6 | G15: 2.3 | H15: 3.9 | I15: 8.5 | J15: 23.3 | K15: =IF(ISNUMBER(G15),IF(G15<=README!$C$33,"PASS","SLOW"),"") -> PASS
B16: 57 | C16: 3 | D16: 0.9 | E16: 0.9 | F16: 1 | G16: 1.5 | H16: 3.6 | I16: 11.4 | J16: 23.2 | K16: =IF(ISNUMBER(G16),IF(G16<=README!$C$33,"PASS","SLOW"),"") -> PASS
B17: 70 | C17: 1 | D17: 0.9 | E17: 0.9 | F17: 1 | G17: 1 | H17: 1.5 | I17: 7 | J17: 24.9 | K17: =IF(ISNUMBER(G17),IF(G17<=README!$C$33,"PASS","SLOW"),"") -> PASS
B18: 70 | C18: 2 | D18: 0.9 | E18: 0.9 | F18: 1 | G18: 1 | H18: 1.6 | I18: 8.7 | J18: 23.6 | K18: =IF(ISNUMBER(G18),IF(G18<=README!$C$33,"PASS","SLOW"),"") -> PASS
B19: 70 | C19: 3 | D19: 0.9 | E19: 0.9 | F19: 1 | G19: 1 | H19: 1.5 | I19: 7.3 | J19: 24 | K19: =IF(ISNUMBER(G19),IF(G19<=README!$C$33,"PASS","SLOW"),"") -> PASS
... B22: 80 | C22: 3 | D22: 0.9 | E22: 0.9 | F22: 1.2 | G22: 1.3 | H22: 1.5 | I22: 9.8 | J22: 24.2 | K22: =IF(ISNUMBER(G22),IF(G22<=README!$C$33,"PASS","SLOW"),"") -> PASS
B24: Mean t(-15 dB) | G24: =IF(COUNT(G8:G22)>0,AVERAGE(G8:G22),"") -> 1.9133333 | H24: ms
B25: Worst t(-15 dB) | G25: =IF(COUNT(G8:G22)>0,MAX(G8:G22),"") -> 3.7 | H25: ms <- quote this, it is the honest figure
B26: Mean max depth | G26: =IF(COUNT(J8:J22)>0,AVERAGE(J8:J22),"") -> 23.28 | H26: dB

Sheet T3_RawCSV
B2: Paste one full 'g' CSV dump here (ms, adc, depth_dB)
B3: Use PuTTY with session logging enabled, then paste. This becomes the convergence figure.
B5: ms | C5: adc | D5: depth_dB
B6: 0 | C6: 1978 | D6: -0.2
B7: 1 | C7: 1396 | D7: 17.22
B8: 2 | C8: 1340 | D8: 18.91
B9: 3 | C9: 1347 | D9: 18.7
B10: 4 | C10: 1328 | D10: 19.26
B11: 5 | C11: 1290 | D11: 20.38
B12: 6 | C12: 1268 | D12: 21.05
B13: 7 | C13: 1263 | D13: 21.21
B14: 8 | C14: 1271 | D14: 20.95
B15: 9 | C15: 1269 | D15: 21.01
B16: 10 | C16: 1274 | D16: 20.86
B17: 11 | C17: 1269 | D17: 21.01
... B45: 39 | C45: 1283 | D45: 20.59
